Stunt work,0
Special effects,1
Godzilla,2
The soundtrack was released digitally on june 7,3
August 2 2019,4
Rodan,5
Monarch,6
Postproduction,7
Filming,8
The chair,9
Chair,10
Emotionally,11
Philosophically,12
Vivienne graham,13
Original godzilla suit,14
Filmmaking,15
Rod,16
German film and television academy berlin,17
German,18
The_man,19
pejorative,20
Mythological texts,21
Pun,22
Lines,23
Production,24
Preproduction,25
Warner bros,26
Theatrically,27
Quicksilver,28
Mystique,29
40leaf shooting script,30
Alan schneider,31
Dante pereiraolson,32
Douglas hodge,33
The score,34
Mccreary,35
Scott chambliss,36
Art director,37
law enforcement agency,38
Sophie,39
Ar,40
Godzilla suit,41
Kyle chandler,42
Vera farm,43
Paul blart mall cop,44
Horror films,45
Soundtrack,46
Original,47
Blind Eye,48
Blind eye,49
Hdr10,50
Clear file,51
Production designer,52
War dog,53
August 2016,54
Action bronson,55
Craig di francia,56
They did it,57
Film,58
Monarch: Legacy of Monsters,59
Action,60
Made the film,61
Bear mccreary,62
Written,63
The collectible,64
Collectible,65
Vancouver film school,66
Vancouver,67
Pre-production,68
Legendary,69
Paul blart,70
Mall cop,71
Sound stage,72
Disowns her,73
Disowns her monarch,74
Selene,75
Telepath,76
Film and television academy berlin,77
Writing,78
Producing,79
Set on fire,80
Temple,81
Director,82
Film school,83
Film director,84
Coat,85
Tail,86
Walt disney studios,87
Motion pictures,88
Religious awakening,89
Religious,90
The temple,91
Max wall,92
David rayner clark,93
Mothra,94
King ghidorah,95
Film directors,96
The Good the Bad and the Ugly,97
Michael Caine,98
War dogs,99
Kota eberhardt,100
The franchise,101
Franchise,102
Robbie robertson,103
M global,104
Structurally,105
Post-production,106
authority (sociology),107
Canadian,108
Hdr,109
College,110
University,111
Yoshimitsu b,112
Executive producer,113
Godzilla vs. Kong,114
Academy berlin,115
Wikimedia disambiguation page,116
Vestibule,117
The man,118
Her eyes,119
Collapse,120
Coat tail,121
Mechanics,122
His,123
His eyes,124
The eye patch,125
Eye,126
The soundtrack,127
Cinematographers,128
Screenwriters,129
Category:Godzilla,130
Ghidorah,131
King,132
Aisha hinds,133
Aisha,134
Percipi,135
Aut percipere,136
Dante pereira-olson,137
Simon kinberg,138
Penn,139
Clear files,140
Cult wails with him,141
Parable of a womans religious awakening,142
Berlin,143
Brandenburg,144
Penn and simon kinberg,145
Cast,146
Disowns,147
Clear,148
National film awards,149
India,150
Legendarys,151
Storytelling,152
Method,153
Zero mostel,154
Jack macgowran,155
O'shea jackson jr,156
The film,157
Becoming joker,158
Joker,159
Entertainment,160
Dramatically,161
Yoshimitsu,162
John Cassavetes,163
stereotype,164
Marketing,165
Distribution,166
Mauro fiore,167
Cinematographer,168
I cant wait to see it,169
Horror film,170
Wails with him,171
Walt disney studios motion pictures,172
Distributed,173
Millie bobby brown,174
Bradley whitford,175
Ar ar,176
Gotham,177
Scream,178
Womans,179
Percipi aut percipere,180
Puns,181
Indiana jones franchise,182
Indiana jones,183
