Adweek;instance of;Periodical literature
Billboard;instance of;Periodical literature
1996;point in time;1996
Institute for Advanced Study;located in the administrative territorial entity;Princeton, New Jersey
Institute;inception;1933
Sex;different from;That
That;different from;Sex
1933;point in time;1933
Narrative film;opposite of;Non-fiction
Non-fiction;opposite of;Narrative film
1976;point in time;1976
Anthology film;genre;Hindi cinema
Anthology film;facet of;Hindi cinema
Blend word;subclass of;Film
2011;point in time;2011
Hyperlink cinema;subclass of;Anthology film
2008;point in time;2008
2008;facet of;Video game
2010;point in time;2010
3D film;subclass of;3D film
Duran Duran;publication date;2003
Duran Duran;genre;Romantic comedy
70s;followed by;80s
Marriage in Islam;publication date;1982
Marriage in Islam;instance of;Festival
80s;follows;70s
Filmstrip;subclass of;Film poster
Cinematography;part of;Cinematography
Water tank;facet of;Water
D;creator;Malcolm McDowell
Darmstadt;country;Germany
D;author;Malcolm McDowell
3D film;subclass of;Film
Personification;facet of;Evil
Evil;instance of;Personification
2010;publication date;2010
Bangkok International Film Festival;part of;Bangkok International Film Festival
Garuda;instance of;Garuda
Science;has part;Contemporary history
Science;part of;Society
Kilogram-force;publication date;2017
Bangkok International Film Festival;different from;Bangkok International Film Festival
Cloaking device;use;Stealth technology
Self-driving car;subclass of;Stealth technology
Bangkok International Film Festival;location;Bangkok
RoboCop;has part;RoboCop
RoboCop;uses;RoboCop
Space station;subclass of;Spacecraft
Space station;subclass of;Space station
Film;main subject;Science fiction
Cairo;instance of;Film festival
Film;genre;Science fiction
Science fiction film;subclass of;Film
Terminator Salvation;genre;Science fiction
Speedster (fiction);part of;Multiverse
Multiverse;has part;Speedster (fiction)
Samoa;religion;Christian state
Pluto;color;Red
Muggle;relative;Uncle
Pluto;has part;Red
Uncle;spouse;Aunt
Aunt;spouse;Uncle
Red;owned by;Pluto
Pluto;owner of;Red
Hindi cinema;country of origin;India
Harry Potter;instance of;Orphan
Adelaide;located in the administrative territorial entity;Adelaide
Batman;member of;Batman
Charles Gibson;award received;Academy Awards
Adelaide;capital of;Adelaide
Harry Potter and the Deathly Hallows;publication date;2011
Adelaide;capital;Adelaide
Bellows;named after;Bellows
Tanya Seghatchian;instance of;Wigram
Gun;has part;Gunpowder
Tanya Seghatchian;subclass of;Wigram
2019;point in time;2019
Black hat (computer security);publication date;2015
Black hat (computer security);country of origin;United States
Aquaman;publication date;2017
The Shawshank Redemption;cast member;Newman
Stuart Craig;occupation;Production designer
The Shawshank Redemption;performer;Newman
Self;has part;Self
Self;facet of;Self
Self;part of;Self
Bhargava;language of work or name;Kannada
Blind Eye;main subject;Turning a blind eye
Viola Davis;named after;Viola Davis
Blind Eye;named after;Turning a blind eye
Viola Davis;subclass of;Viola
Mechanics;studied by;Mechanics
Blind Eye;instance of;Eye
Gladiator;genre;Drama
Coattail effect;instance of;Mechanics
Mysticism;part of;Christians
Viola Davis;instrument;Viola Davis
Coat;has part;Tail
1940;point in time;1940
Mansfield;located in the administrative territorial entity;Ohio
Speedster (fiction);instance of;Multiverse
À Nous la Liberté;instance of;Film
1965;point in time;1965
Structure;opposite of;Emotion
Drama;subclass of;Structure
Emotion;different from;Philosophy
Philosophy;different from;Emotion
Dogs in warfare;date of first performance;2016
Composer;subclass of;Performing arts
2016;point in time;2016
Dogs in warfare;publication date;2016
Gladiator;genre;Historical drama
Berlin;shares border with;Brandenburg
Brandenburg;shares;Berlin
National Film Awards;country;India
2016;followed by;2017
Sound stage;use;Post-production
National Security Agency;different from;National Security Agency
LGBT;subclass of;Superhero
1954;point in time;1954
Film school;field of work;Film director
LGBT;different from;Autism spectrum
National Security Agency;part of;National Security Agency
Post-production;part of;Filmmaking
Screenwriter;subclass of;Screenwriter
Filmmaking;has part;Post-production
National Film Awards;inception;1954
Cinematographer;subclass of;Screenwriter
Pre-production;part of;Pre-production
Christians;subclass of;Mysticism
Film school;practiced by;Film director
Storytelling;subclass of;Storytelling
Mysticism;facet of;Christians
Film industry;industry;Film industry
Lyrics;use;Lyrics
1968;point;1968
China;country;China
Lyrics;subclass of;Lyrics
Russia;named after;Russia
Lyrics;part of;Lyrics
Sensationalism;subclass of;Exploitation film
China;diplomatic relation;Thailand
Sensationalism;facet of;Exploitation film
Male;opposite of;Female
Female;opposite of;Male
2009;point in time;2009
2009;followed by;2010
1934;point in time;1934
Japan;diplomatic relation;South Korea
United Kingdom;followed by;United States
The Muppet Show;distributed by;Searchlight Pictures
1922;point in time;1922
Aishwarya Rai Bachchan;part of;Aishwarya Rai Bachchan
Lyrics;part of;Song
The Equalizer 2;instance of;Film
Vyjayanthimala;parent taxon;Vyjayanthimala
Secondary school;subclass of;Student
South Korea;country;Japan
The Equalizer 2;country of origin;United States
United States;follows;United Kingdom
Ultra-high-definition television;has part;Ultra-high-definition television
Secondary school;different from;Secondary school
China;facet of;China
Ultra-high-definition television;performer;Ultra-high-definition television
Secondary school;has part;Student
Urdu;indigenous to;Pakistanis
Film criticism;studies;Film
Film;studied by;Film criticism
Aishwarya Rai Bachchan;instance of;Aishwarya Rai Bachchan
Hindi cinema;subclass of;Parallel cinema
Mystery film;subclass of;Film noir
John Milton;notable work;Paradise Lost
Paradise Lost;author;John Milton
Hindi cinema;subclass of;Film
Film noir;subclass of;Mystery film
Black-and-white;subclass of;Film
Black-and-white;has part;Black
Black-and-white;facet of;Black
Batman;creator;Warner Bros.
1991;point in time;1991
Batman in film;creator;Warner Bros.
Batman in film;production company;Warner Bros.
1969;point in time;1969
1997;point in time;1997
Mystic River;publication date;2003
Mystic River;genre;Drama (film and television)
Batman;present in work;Batman
Mystic River;country of origin;Chlorine
Horror film;subclass of;Fiction
2003;point in time;2003
Batman;field of work;Rescue
Batman;occupation;Rescue
Toronto;instance of;Sound stage
Mirror;subclass of;Window film
Roger;product or material produced;Window film
Writing;subclass of;Writing
Sasaki;country;Japan
DVD;subclass of;Film
DVD;followed by;DVD
2003;facet of;Film
1989;point in time;1989
Salim Khan;occupation;Screenwriter
Wheel;instance of;Detergent
Film;has part;Video
Beyoncé;work period (start);2010
Video;subclass of;Film
Film;subclass of;Video
BBC;owned by;BBC
BBC;owner of;BBC
Ali Wong;work period (start);2019
Katrina Kaif;residence;Mumbai
1949;point in time;1949
Tehran;located in the administrative territorial entity;Tehran
Bandra;located in the administrative territorial entity;Mumbai
Personal flotation device;subclass of;Personal flotation device
H;subclass of;Contemporary history
Bihar;instance of;Uttar Pradesh
Motorboat;operator;Navy
Podcast;subclass of;Podcast
1972;point in time;1972
Cinema of Iran;inception;1970
1963;point in time;1963
Motorboat;operator;Royal Navy
1979;point in time;1979
1940s;point in time;1940
1940s;point in;1940s
Polavision;inception;1963
1985;point in time;1985
Cinema of Iran;start time;1970
The Globe and Mail;presenter;Jay Scott
Television;subclass of;Film
1983;point in time;1983
Tehran;different from;Tehran
Silent film;practiced by;Actor
The Globe and Mail;author;Jay Scott
Photography;subclass of;Studio
Actor;field of;Silent film
Sword;subclass of;Hand
Education;facet of;Health care
Sword;has part;Hand
Instax;subclass of;Short film
Uttar Pradesh;has part;Bihar
The Globe and Mail;creator;Jay Scott
Health care;facet of;Education
Cinema of Iran;language of work or name;Persian language
Cinema of Iran;language used;Persian language
Man;part of;Society
Management;subclass of;Actor
Restoration comedy;uses;Stock character
Stock character;used by;Restoration comedy
Preservationist;field of this occupation;Preservationist
Restoration comedy;subclass of;Stock character
Theatrical scenery;facet of;Theatre
Theatrical scenery;part of;Theatre
Actor;field of this occupation;Theatre
Theatre;practiced by;Actor
Webcast;subclass of;Podcast
Webcast;use;Podcast
Webcast;subclass of;Radio broadcasting
Theatre;uses;Prop
Christina Ricci;field of work;War
War;main subject;War
Christina Ricci;conflict;War
Dead of Night;instance of;Blend word
Camera;part of;Camera
1970s;point in time;1970s
Russia;dissolved, abolished or demolished date;1925
Camera;connects with;Camera
Fujifilm;owner of;Instax
1925;point in time;1925
China;country of origin;Korea
China;country;Korea
Mystery film;subclass of;Film
China;country;United Kingdom
Movie theater;product or material produced;Film
Education;has part;Health care
IMAX;instance of;Theatre
1937;point in time;1937
Monogram;named after;Monogram
Hugh Jackman;instance of;Human
Western film;subclass of;Film
Moncton;located in the administrative territorial entity;Moncton
Moncton;language used;French language
Music;has part;Rhythm
Distributor;product or material produced;Film
National Film Board of Canada;country;Canada
Web film;subclass of;New media
New media;subclass of;New media
Fox;work period (start);1942
Paramount Pictures;owned by;Warner Bros.
Columbia Pictures;followed by;The Walt Disney Company
King's Man;publication date;2019
Grey;sibling;Scardinius
Scardinius;sibling;Grey
Brad Pitt;performer;Brad Pitt
Brad Pitt;cast member;Brad Pitt
Stauffenberg;publication date;2004
Stauffenberg;distributed by;G
Brad Pitt;member of;Zodiac
Becky;occupation;Animator
Brad Pitt;part of;Zodiac
Propaganda;different from;Hoax
Kilogram-force;start time;2017
Triumph of the Will;instance of;Hoax
Hoax;subclass of;Propaganda
Criticism;facet of;Criticism
Criticism;subclass of;Criticism
Warner Bros.;follows;Paramount Pictures
Paramount Pictures;parent organization;Warner Bros.
Film stock;use;Film editing
Film stock;has part;Camera
Film stock;subclass of;Camera
Brad Pitt;spouse;Morgan Freeman
Martin Sheen;creator;Martin Sheen
Pandit;present in work;Pandit
Martin Sheen;performer;Martin Sheen
Terry;position held;Chief operating officer
Reversal film;subclass of;Transparency (projection)
John F. Kennedy;instance of;Military liaison missions
John F. Kennedy;employer;Central Intelligence Agency
Reversal film;subclass of;Film
John F. Kennedy;part of;Central Intelligence Agency
Film;narrative location;The Pentagon
Polavision;subclass of;Reversal film
Morgan Freeman;spouse;Gwyneth Paltrow
Film;narrative location;Pentagon
Autochrome Lumière;subclass of;Complementary colors
Autochrome Lumière;subclass of;Reversal film
Gwyneth Paltrow;spouse;Morgan Freeman
X-Men;has part;X-Men
California;capital;Ridino
X-Men;performer;X-Men
2015;point in time;2015
Soundtrack;part of;Film
George Lucas;notable work;Monster
California;capital;Indianapolis
Skin;subclass of;Fur
Myth;has part;Religious text
Endhita;part of;Endhita
Fur;part of;Skin
Myth;instance of;Religious text
Skin;has part;Fur
Myth;subclass of;Religious text
Hypnotic;subclass of;Hypnotic
Film adaptation;cast member;Al Gore
Take;subclass of;Take
Film adaptation;director;Al Gore
Elio;publication date;2015
Frankenstein;present in work;Frankenstein
Snow White;production company;The Walt Disney Company
Production company;field of this occupation;Filmmaking
Feud;subclass of;Feud
Documentary film;subclass of;Film
Filmmaking;product or material produced;Film
Production company;product or material produced;Film
Madhavapeddi;subclass of;Suresh
The Fellowship of the Ring;performer;Peter Jackson
DVD;replaces;VHS
VHS;followed by;DVD
Philip Glass;occupation;Composer
Damini;subclass of;Thriller (genre)
Narrative;subclass of;Feature film
1968;point in time;1968
Video;different from;Film
Film;different from;Video
Gondor;has part;Minas Tirith
Gondor;capital;Minas Tirith
Feud;instance of;Feud
Saruman;owner of;Palantír
Andaz Apna Apna;genre;Comedy
Palantír;owned by;Saruman
Mahtomedi, Minnesota;located in the administrative territorial entity;Minnesota
Hypnotic;use;Sleep
China;diplomatic relation;Italy
Boromir;named after;Boromir
Punjab;located in the administrative territorial entity;Punjab
Italy;diplomatic relation;China
Frodo Baggins;uses;Sword
Sword;used by;Frodo Baggins
Truck stop;subclass of;Truck stop
Gandalf;owned by;Gandalf
Mexico;diplomatic relation;United Kingdom
Saruman;instance of;Saruman
Short film;subclass of;Film
Short film;subclass of;Cartoon
Murder;has cause;Serial killer
Badlands;publication date;1939
Home video;subclass of;Theatre
Serial killer;subclass of;Murder
Murder;practiced by;Serial killer
Badlands;distributed by;Warner Bros.
Nation;significant event;Birth
(How to Be A) Millionaire;cast member;John Wayne
Gun;subclass of;Gun
Nonprofit organization;subclass of;Organization
Gun;used by;Gun
326;followed by;List of James Bond films
Nonprofit organization;subclass of;Nonprofit organization
Film adaptation;based on;Play (theatre)
Villain;opposite of;Protagonist
Snow White;distributed by;The Walt Disney Company
United Kingdom;diplomatic relation;United States
326;derivative work;List of James Bond films
List of psychic abilities;subclass of;Superpower
United States;diplomatic relation;United Kingdom
Film adaptation;uses;Play (theatre)
List of psychic abilities;instance of;Superpower
1929;point in time;1929
Thriller film;subclass of;Thriller film
Source code;facet of;Source code
1923;point in time;1923
Feature film;subclass of;Television show
Eagle eye;facet of;Source code
Apochromat;subclass of;Lens
Feature film;based on;Television show
Supernova;subclass of;Supernova
9;point in time;9
Feature film;subclass of;Film
1600;point in time;1600
Shah Rukh Khan;followed by;Salman Khan
1950s;point in time;1950
Frankenstein;said to be the same as;Frankenstein
Shah Rukh Khan;has part;Shah Rukh Khan
Troll;genre;Musical film
2011;facet of;Romance film
Camera lens;subclass of;Equipment
Romance film;language of work or name;Kannada
Movie theater;has part;Musician
Oliver!;has part;Oliver!
Oliver!;based on;Oliver!
Musical theatre;subclass of;Musical theatre
Lens;subclass of;Equipment
Roven;occupation;Produce
Catwoman;performer;Anne Hathaway
Color print film;subclass of;Film
Film grain;has part;Film grain
Catwoman;cast member;Anne Hathaway
Raghu;father;Raghu
Anne;performer;Anne
Musical theatre;has parts of the class;Operetta
Film grain;facet of;Film
Operetta;subclass of;Musical theatre
Operetta;subclass of;Revue
Film grain;facet of;Film grain
Camera operator;item operated;Camera
Insha;instance of;Film distributor
Skin;has part;Skin
Skin;has part;Coating
Movie theater;industry;Musician
Skin;part of;Skin
Chris;spouse;Anne
Anne;spouse;Chris
Origin story;main subject;Origin story
Arnold Schwarzenegger;employer;Warner Bros.
Arnold Schwarzenegger;member of;Warner Bros.
Film industry;location;India
Film festival;field of work;Film
Cinema of India;country;India
Film industry;country;India
Blade;publication date;2006
Blade;part of;Blade
The Apu Trilogy;start time;1930
3rd millennium;point in time;3rd millennium
Kannada cinema;subclass of;Parallel cinema
3rd millennium;instance of;Blade Runner
Blade Runner 2049;publication date;3rd millennium
1930s;point in time;1930
1970s;point in time;1970
Sport;subclass of;Biography
Gladiator;genre;History
Sport;studied by;Biography
The Apu Trilogy;publication date;1930
Biography;has part;Biography
Cinema of India;conferred by;Satyajit Ray
Conquest;point in time;1492
1492;point in time;1492
2002;point in time;2002
2002;country;United Kingdom
Cinema of India;has part;Satyajit Ray
Newsreel;subclass of;News
Marathi cinema;publication date;2016
Academy Awards;facet of;Cinema of India
War;end time;2018
War;start time;2018
War;point in time;2018
Vamsha Vriksha;instance of;Vamsha Vriksha
Philippines;country;Philippines
Malayalam;instance of;Language
Malayalam;subclass of;Language
Key frame;subclass of;Animation
Transformers;subclass of;Dreamwave Productions
Key frame;instance of;Animation
Transformers;genre;Dreamwave Productions
Prime Directive;instance of;Working title
Toronto;instance of;Film festival
Khalid;genre;Sound film
Glasgow;capital of;Scotland
Glasgow;located in the administrative territorial entity;Scotland
Detective;subclass of;Detective
X-Men;follows;X-Men
Egypt;located on terrain feature;South Africa
Enhanced;subclass of;Superhuman
Narrative;instance of;Genre
Documentary film;instance of;Genre
Soundtrack;instance of;Originality
Prashanth;performer;Prashanth
Kodak;product or;Perforation
Film genre;has part;Narrative
Private investigator;field of this occupation;Detective fiction
The Muppet Show;production company;Searchlight Pictures
Dance;subclass of;Song
Restored;subclass of;Recovered
Love triangle;facet of;Love
McLaren;followed by;Brixton
Amitabh Bachchan;field of work;Hindi cinema
Prashanth;child;Prashanth
Music;subclass of;Sound
Action comedy;subclass of;Comedy film
Romantic comedy;subclass of;Action comedy
List of film awards;inception;1956
National Film Awards;inception;1956
Simplex;subclass of;Exposures – In Retrospect and Denial
Neo-noir;instance of;Film genre
Music;has part;Sound
Low-budget film;subclass of;Low-budget film
Egypt;part of;South Africa
Low-budget film;subclass of;Film
Clipped (video);different from;Bloomed
Bloomed;different from;Clipped (video)
Selene;occupation;Telepathy
Clown;instance of;Evil
Bloomed;subclass of;Clipped (video)
Clown;opposite of;Evil
David Kajganich;member of;Warner Bros.
Warner Bros.;has part;David Kajganich
Selene;instance of;Telepathy
Historian;has part;Critic
Avant-garde;instance of;Genre
Historian;subclass of;Critic
Comedy;facet of;Comedy
Critic;part of;Historian
Amitabh Bachchan;occupation;Star
Narrative;part of;Film genre
Film noir;subclass of;Film
Film;subclass of;Film
Color television;subclass of;Television
Film;different from;Film
Color photography;country of origin;United States
Detour;performer;Detour
New York City;instance of;Area
Color photography;facet of;United States
Silent film;subclass of;Projector
Pakistanis;language used;Urdu
X-Men;followed by;X-Men
Critique;facet of;Hero
Film laboratory;instance of;Research institute
Stunt;subclass of;Special effect
Film laboratory;part of;Research institute
1938;point in time;1938
Film laboratory;subclass of;Research institute
Special effect;has part;Stunt
Berlin;twinned administrative body;Brandenburg
Berlin;located in the administrative territorial entity;Brandenburg
Post-production;follows;Post-production
Health care;has part;Education
Post-production;follows;Cinematography
Wheel;subclass of;Detergent
Wheel;product or material produced;Detergent
Bhargava;field of work;Kannada
Thailand;diplomatic relation;China
South Korea;has part;South Korea
Cinematographer;field of this occupation;Writing
South Korea;located in the administrative territorial entity;South Korea
Film;studied by;Film
Clipped (video);opposite of;Bloomed
Musical theatre;subclass of;Sound film
Hindi cinema;instance of;Film industry
1940s;followed by;1950s
Cinema of India;location;India
Cinema of India;country of origin;United Kingdom
Mumbai;located in the administrative territorial entity;Mumbai
Hindi cinema;country;India
Sound film;subclass of;Film
Cinema of India;country;United Kingdom
Elio;child;Elio
Elio;spouse;Elio
2017;point in time;2017
2006;point in time;2006
Sound;subclass of;Film
Toronto;located in the administrative territorial entity;Canada
Actor;subclass of;Actor
Documentary film;subclass of;Documentary film
Transformers;publication date;2017
Sound stage;part of;Studio
John F. Kennedy;publication date;1991
United Kingdom;country;United Kingdom
Italy;shares border with;Russia
Italy;country;Italy
Italy;located in the administrative territorial entity;Italy
DVD;different from;DVD
Myth;subclass of;Storytelling
Comedy;subclass of;Comedy
1956;point in time;1956
Silent film;subclass of;Film
Dance;different from;Music
Special effect;subclass of;Special effect
Special effect;use;Special effect
Film;publication date;1982
Film;subclass of;Television
Music;uses;Rhythm
Film;part of;Theatre
1942;point in time;1942
Song;subclass of;Music
Film adaptation;main subject;Serial killer
Sound;part of;Sound
Warner Bros.;present in work;Warner Bros.
Warner Bros.;has part;Warner Bros.
Mystery film;main subject;Murder
Toronto;located in the administrative territorial entity;Toronto
Private investigator;subclass of;Detective fiction
Film;has part;Television show
Television show;part of;Film
Ali Wong;publication date;2019
Documentary film;subclass of;Animation
Science;studied by;Science
Film;is a list;Film
Italy;named after;Italy
Film editing;product or material produced;Film
Take;used by;Camera operator
Take;participant;Camera operator
United States;country;United States
Dead of Night;genre;Horror film
Cinematography;start time;2016
Cinematography;different from;Photography
Cinematography;subclass of;Photography
Photography;different from;Cinematography
Sasaki;country of origin;Japan
Batman;instance of;Superhero
Camera;subclass of;Film
Toronto;country;Canada
Cinema of Iran;original language of film or TV show;Persian language
Animation;subclass of;Film
Villain;opposite of;Villain
Villain;subclass of;Villain
Camera;has part;Film
Camera;uses;Film
Video;different from;DVD
DVD;different from;Video
Video;followed by;DVD
DVD;subclass of;Video
China;diplomatic relation;Mexico
China;diplomatic relation;Russia
Kannada;language used;Kannada
Actor;field of this occupation;Film director
Kannada;language of work or name;Kannada
India;language used;Malayalam
India;country;India
Silent film;practiced by;Film director
Film director;field of;Silent film
Science fiction;subclass of;Film
Film industry;inception;1970
Gwyneth Paltrow;spouse;Brad Pitt
Sound stage;use;Sound
Sound stage;subclass of;Sound
1976;point;1976
Comedy;instance of;Genre
Animation;instance of;Genre
2018;point in time;2018
Sport;subclass of;Education
Production designer;part of;Cinematography
Blend word;subclass of;Blend word
1950;point in time;1950
Hero;opposite of;Villain
Villain;opposite of;Hero
Berlin;country;Germany
Germany;capital;Berlin
Short film;subclass of;Short film
Kannada;subclass of;Film
Film;language of work or name;Kannada
Water tank;product or material produced;Water
The Walt Disney Company;product or material produced;Film
Science fiction;instance of;Genre
Dance;subclass of;Music
Samoa;instance of;Christian state
Samoa;religion;Christians
Composer;subclass of;Musician
IMAX;subclass of;Theatre
2004;point in time;2004
Music;practiced by;Musician
Warner Bros.;subclass of;Fox
India;subclass of;Television
Warner Bros.;has part;Fox
Warner Bros.;has part;Paramount Pictures
Feature film;subclass of;Feature film
Video;subclass of;Filmmaking
2017;facet of;Horror film
Horror film;subclass of;Film
Science fiction;has part;Horror film
Horror film;subclass of;Science fiction
Sound;facet of;Sound
Hindi cinema;different from;Parallel cinema
Hindi cinema;instance of;Parallel cinema
Love;subclass of;Lyrics
Love triangle;instance of;Love triangle
Love triangle;subclass of;Love triangle
Post-production;part of;Post-production
National Film Awards;point in time;1956
Lyrics;part of;Music
Video game;subclass of;Video game
Batman;characters;Batman
Video game;facet of;Video game
Television show;subclass of;Short film
Television show;subclass of;Television
1970;point in time;1970
India;industry;Film industry
Documentary film;subclass of;Film festival
Film;studied by;Filmmaking
Italy;part of;India
Film festival;field of work;Film festival
Italy;country;India
Genre;field of this occupation;Filmmaking
Vamsha Vriksha;named after;Vamsha Vriksha
Vamsha Vriksha;different from;Vamsha Vriksha
Kannada cinema;instance of;Parallel cinema
Sound stage;subclass of;Studio
Detective;field of this occupation;Detective
The Walt Disney Company;owned by;The Walt Disney Company
India;different from;India
Color photography;facet of;Color photography
2011;facet of;Film
Color television;subclass of;Film
Christians;religion;Christians
Film;has part;Film stock
Christians;facet of;Christians
Film stock;part of;Film
Christians;named after;Christians
Horror film;instance of;Genre
Newsreel;practiced by;Camera operator
1989;point in;1989
India;part of;Hindi cinema
Hindi cinema;has part;India
Silent film;subclass of;Film industry
Animator;field of this occupation;Animation
Animation;practiced by;Animator
Originality;followed by;Originality
Originality;follows;Originality
Film;practiced by;Filmmaking
Filmmaking;field of this occupation;Film
Theatre;different from;Theatre
