Rodan;instance of;Monarch
Vestibule;part of;The man
Indiana jones franchise;has part;Indiana jones
Godzilla;instance of;Legendary
Special effects;has part;Stunt work
Vancouver film school;located in the administrative territorial entity;Vancouver
Godzilla;instance of;Legendarys
Set on fire;location;Temple
Max wall;creator;David rayner clark
Wails with him;instance of;Parable of a womans religious awakening
Stunt work;subclass of;Special effects
Scream;facet of;Womans
National film awards;country;India
Mothra;sibling;King ghidorah
David rayner clark;notable work;Max wall
Vancouver film school;country;India
King ghidorah;sibling;Mothra
Max wall;director;David rayner clark
Pun;use;Puns
Berlin;located in the administrative territorial entity;Brandenburg
Ghidorah;position held;King
Soundtrack;publication date;August 2 2019
Zero mostel;has part;Jack macgowran
Pun;subclass of;Lines
Berlin;twinned administrative body;Brandenburg
Rod;part of;Mythological texts
Zero mostel;part of;Jack macgowran
Godzilla;uses;Rod
Rod;used by;Godzilla
Hdr10;instance of;Clear
Berlin;shares border with;Brandenburg
Brandenburg;shares;Berlin
Zero mostel;sibling;Jack macgowran
Hdr10;instance of;Clear file
Film and television academy berlin;country;German
Disowns her;subclass of;Disowns her monarch
Hdr10;instance of;Clear files
Academy berlin;country;German
Disowns her;facet of;Disowns her monarch
40leaf shooting script;author;Alan schneider
German film and television academy berlin;country;German
Disowns;facet of;Disowns her
The film;cast member;Cast
Alan schneider;occupation;Director
Vivienne graham;notable work;Original godzilla suit
Hdr10;part of;Hdr
Writing;subclass of;Producing
Vivienne graham;notable work;Godzilla suit
Hdr10;instance of;Hdr
Sound stage;use;Postproduction
The franchise;instance of;Film
Vivienne graham;notable work;Godzilla
Robbie robertson;employer;M global
The collectible;subclass of;Collectible
Structurally;opposite of;Emotionally
Dramatically;subclass of;Structurally
Postproduction;part of;Producing
Yoshimitsu b;occupation;Executive producer
Robbie robertson;country of citizenship;Canadian
Film school;field of work;Film directors
Yoshimitsu b;occupation;Yoshimitsu
Soundtrack;instance of;Original
They did it;instance of;Film
Robbie robertson;record label;M global
Emotionally;different from;Philosophically
Philosophically;different from;Emotionally
Film school;practiced by;Film director
Aisha hinds;has part;O'shea jackson jr
I cant wait to see it;instance of;Film
Blind Eye;instance of;Eye
Film school;field of work;Film director
Aisha hinds;mother;Aisha
Selene;performer;Kota eberhardt
Blind Eye;named after;Blind eye
Cinematographers;subclass of;Screenwriters
Selene;occupation;Telepath
Aisha hinds;sibling;O'shea jackson jr
Blind Eye;main subject;Blind eye
Warner bros;product or material produced;Theatrically
Quicksilver;different from;Mystique
Selene;instance of;Telepath
Warner bros;industry;Theatrically
Millie bobby brown;spouse;Bradley whitford
The score;composer;Mccreary
Quicksilver;sibling;Mystique
Mystique;sibling;Quicksilver
The score;performer;Mccreary
The soundtrack;publication date;August 2 2019
College;different from;University
Quicksilver;spouse;Mystique
Mystique;spouse;Quicksilver
Kyle chandler;part of;Vera farm
Dante pereira-olson;member of;Douglas hodge
University;different from;College
Kyle chandler;member of;Vera farm
Percipi aut percipere;part of;Aut percipere
Dante pereiraolson;cast member;Douglas hodge
Penn;spouse;Simon kinberg
Simon kinberg;spouse;Penn
Vera farm;cast member;Kyle chandler
Mauro fiore;occupation;Cinematographer
Penn;sibling;Simon kinberg
Simon kinberg;sibling;Penn
Dante pereiraolson;member of;Douglas hodge
Walt disney studios motion pictures;instance of;Distributed
Bear mccreary;occupation;Written
Percipi;instance of;Aut percipere
Post-production;part of;Filmmaking
Marketing;has part;Distribution
Penn and simon kinberg;has part;Simon kinberg
Walt disney studios;industry;Motion pictures
Filmmaking;has part;Postproduction
Walt disney studios;product or material produced;Motion pictures
Becoming joker;facet of;Joker
Scott chambliss;occupation;Production designer
Scott chambliss;occupation;Art director
The eye patch;instance of;Eye
Postproduction;part of;Filmmaking
The soundtrack was released digitally on june 7;publication date;August 2 2019
Production designer;subclass of;Art director
The chair;different from;Chair
Chair;different from;The chair
Made the film;instance of;Film
War dogs;date of first performance;August 2016
The chair;subclass of;Chair
Pre-production;part of;Production
Production;has part;Preproduction
War dog;publication date;August 2016
Postproduction;follows;Filming
Preproduction;part of;Production
Coat tail;instance of;Mechanics
War dogs;publication date;August 2016
Storytelling;instance of;Method
Action bronson;performer;Craig di francia
Action bronson;genre;Action
Made the film;cast member;Cast
Sophie;present in work;Ar
Ar;characters;Sophie
Coat;has part;Tail
Cult wails with him;instance of;Parable of a womans religious awakening
The Good the Bad and the Ugly;director;John Cassavetes
Action bronson;subclass of;Action
Ar;spouse;Sophie
Sophie;spouse;Ar
Her eyes;has effect;Collapse
Storytelling;subclass of;Entertainment
The Good the Bad and the Ugly;director;Michael Caine
Ar ar;narrative location;Gotham
The Good the Bad and the Ugly;cast member;Michael Caine
Her eyes;instance of;Collapse
Paul blart mall cop;genre;Horror films
His;has part;His eyes
Paul blart mall cop;genre;Horror film
Religious awakening;facet of;Religious
The temple;significant event;Set on fire
Rodan;has part;Monarch
The franchise;has part;Franchise
Franchise;part of;The franchise
Paul blart;notable work;Mall cop
Vestibule;part of;Vestibule
Temple;significant event;Set on fire
The_man;instance of;stereotype
Legendary;instance of;Wikimedia disambiguation page
The_man;instance of;pejorative
Godzilla;media franchise;Godzilla
The_man;depicts;law enforcement agency
The_man;depicts;authority (sociology)
Godzilla;derivative work;Godzilla vs. Kong
Godzilla;derivative work;Godzilla
Godzilla;derivative work;Monarch: Legacy of Monsters
Godzilla;topic's main category;Category:Godzilla
