['Cinematographer', 'has part', 'Zero mostel']
['Vancouver', 'has part', 'Zero mostel']
['John Cassavetes', 'has part', 'Zero mostel']
['The collectible', 'has part', 'Zero mostel']
['Bear mccreary', 'has part', 'Zero mostel']
['Selene', 'has part', 'Zero mostel']
['Mall cop', 'has part', 'Zero mostel']
['Made the film', 'has part', 'Zero mostel']
['Zero mostel', 'has part', 'Ghidorah']
['Zero mostel', 'has part', 'Cult wails with him']
['Zero mostel', 'has part', 'Gotham']
['Zero mostel', 'has part', 'Hdr10']
['Zero mostel', 'has part', 'Vivienne graham']
['Zero mostel', 'has part', 'Percipi aut percipere']
['Zero mostel', 'has part', 'Sophie']
['Zero mostel', 'Mystique', 'Kyle chandler']
['Zero mostel', 'Douglas hodge', 'David rayner clark']
['Zero mostel', 'Godzilla suit', 'Category:Godzilla']
['Zero mostel', 'Mythological texts', 'Monarch']
['Zero mostel', 'Philosophically', 'Religious awakening']
['Zero mostel', 'The soundtrack was released digitally on june 7', 'Vivienne graham']
['Zero mostel', 'pejorative', 'Film']
['Zero mostel', 'Pun', 'Paul blart']
